<?xml version="1.0" encoding="UTF-8"?>
<modification>
  <code>Auto Customer Group</code>
  <name>Auto Customer Group</name>
  <version>1.0.0</version>
  <author>sv2109@gmail.com</author>
  <link>http://sv2109.com</link>
  
    <file path="admin/controller/setting/setting.php">
      
    <operation>

      <search><![CDATA[
        $this->load->model('customer/customer_group');
      ]]></search>

      <add position="before"><![CDATA[
		if (isset($this->request->post['config_auto_customer_group_id'])) {
			$data['config_auto_customer_group_id'] = $this->request->post['config_auto_customer_group_id'];
		} else {
			$data['config_auto_customer_group_id'] = $this->config->get('config_auto_customer_group_id');
		}
      ]]></add>

    </operation>

  </file>

  <file path="admin/language/en-gb/setting/setting.php">
                
    <operation>
                
      <search><![CDATA[
        $_['entry_customer_group']
      ]]></search>
                        
      <add position="after"><![CDATA[
$_['entry_auto_customer_group']    = 'Automatic Customer Group';
      ]]></add>
                        
    </operation>
    <operation>
                
      <search><![CDATA[
        $_['help_customer_group']
      ]]></search>
                        
      <add position="after"><![CDATA[
$_['help_auto_customer_group']     = 'Automatically add this group to customer after registration';
      ]]></add>
                        
    </operation>
                                
  </file>        
  
  <file path="admin/language/ru-ru/setting/setting.php">
                
    <operation>
                
      <search><![CDATA[
        $_['entry_customer_group']
      ]]></search>
                        
      <add position="after"><![CDATA[
$_['entry_auto_customer_group']        = 'Автоматическая группа';
      ]]></add>
                        
    </operation>
    <operation>
                
      <search><![CDATA[
        $_['help_customer_group']
      ]]></search>
                        
      <add position="after"><![CDATA[
$_['help_auto_customer_group']         = 'Автоматически присваивать эту группу пользователю после регистрации.';
      ]]></add>
                        
    </operation>
                                
  </file>        
  
  <file path="admin/view/template/setting/setting.twig">
                
    <operation>
                
      <search><![CDATA[
         <label class="col-sm-2 control-label"><span data-toggle="tooltip" title="{{ help_customer_group_display }}">{{ entry_customer_group_display }}</span></label>
      ]]></search>
                        
      <add position="before" offset="1"><![CDATA[
                <div class="form-group">
                  <label class="col-sm-2 control-label" for="input-auto-customer-group"><span data-toggle="tooltip" title="{{ help_auto_customer_group }}">{{ entry_auto_customer_group }}</span></label>
                  <div class="col-sm-10">
                    <select name="config_auto_customer_group_id" id="input-auto-customer-group" class="form-control">

                      {% for customer_group in customer_groups %}
                      {% if customer_group.customer_group_id == config_auto_customer_group_id %}

                      <option value="{{ customer_group.customer_group_id }}" selected="selected">{{ customer_group.name }}</option>

                      {% else %}

                      <option value="{{ customer_group.customer_group_id }}">{{ customer_group.name }}</option>

                      {% endif %}
                      {% endfor %}

                    </select>
                  </div>
                </div>
      ]]></add>
                        
    </operation>
                                
  </file>  
        
  <file path="catalog/model/account/customer.php">
                
    <operation>
                
      <search><![CDATA[
       $customer_group_id = $data['customer_group_id'];
      ]]></search>
                        
      <add position="after"><![CDATA[
		} else if (!empty($this->config->get('config_auto_customer_group_id'))) {
			$customer_group_id = $this->config->get('config_auto_customer_group_id');
      ]]></add>
                        
    </operation>
                                
  </file>        
  
</modification>
